"","Estimate","Std. Error","t value","Pr(>|t|)"
"(Intercept)",3.23525579166221,0.477793634032637,6.77124088982989,1.2859803362467e-11
"household_size",0.0792877165837083,0.0101813038531716,7.78757983526926,6.91553187757853e-15
"average_age",-0.000674196278167414,0.0011711245199896,-0.575682830185642,0.564831271725378
"employed_members",0.0361230490133769,0.0165224707087656,2.18629826314128,0.0287968024850502
"average_hours_at_home",0.00239934892319201,0.000516574093032816,4.64473336071771,3.41079945051453e-06
"total_appliances",0.0189749012824652,0.00281990872192728,6.72890620001938,1.72139123565186e-11
"total_weekly_appliance_hours",0.00182891765573372,0.000185390373590312,9.86522450068191,6.0786053396908e-23
"floor_area",1.74537563649375e-05,1.72260947050555e-05,1.01321609243302,0.310960151599873
"electricity_meters",-0.295756152166406,0.0569689832271987,-5.19152941499583,2.09104120091767e-07
"total_monthly_expenditure",6.79946984852298e-07,4.02241458600799e-07,1.6903950856222,0.0909564578415241
"month_index",0.0014113868689905,0.000876597751860301,1.61007356680448,0.107385911923582
"head_genderMale",0.0654792791712451,0.0387324966694641,1.69055146973956,0.090926563216516
"head_educationPassed Degree / Diploma",0.0283256397962514,0.149977608973526,0.18886579130123,0.850198505278789
"head_educationPassed G.C.E.(A/L) or equivalent",-0.021770523935234,0.145214964676468,-0.149919286787954,0.880828689214876
"head_educationPassed G.C.E.(O/L)",0.0347675838646871,0.141638869996937,0.245466402446158,0.806095976195221
"head_educationPassed GAQ (General Arts Qualifying (External) Examination)/GSQ (General Science Qualifying examination)",0.10268980255007,0.164460798804707,0.624402917269123,0.532364866849907
"head_educationPassed Grade 1",0.0613089174145507,0.236109347611179,0.259663236694522,0.795124249882023
"head_educationPassed Grade 10",-0.0503028611899005,0.141407388730683,-0.355730076351985,0.722043697049243
"head_educationPassed Grade 12",-0.0139846552788937,0.148053458743504,-0.0944567955222274,0.924746547851978
"head_educationPassed Grade 2",0.0218798234025905,0.204688085069694,0.106893488182962,0.914873758827161
"head_educationPassed Grade 3",-0.0657461590780912,0.177562432854222,-0.370270659290123,0.711181855555648
"head_educationPassed Grade 4",-0.0909894660409039,0.159113991765587,-0.571850816080042,0.567424723039334
"head_educationPassed Grade 5",-0.0699462895101391,0.161909770760812,-0.432007834866682,0.665736933152839
"head_educationPassed Grade 6",-0.130811541442413,0.191788843468627,-0.682060223507274,0.495202930413362
"head_educationPassed Grade 7",0.0610778354754937,0.144048269567133,0.424009505001575,0.671560070434009
"head_educationPassed Grade 8",0.102434935008631,0.142652696145729,0.718072197555855,0.472714958841511
"head_educationPassed Grade 9",-0.0669232798188264,0.148707033014067,-0.450034396237975,0.652686911057593
"head_educationPassed post Graduate Degree / Diploma",0.0572471751835287,0.169753563538617,0.337236956857789,0.73593920256057
"head_educationPhD",0.0732185563974425,0.227144236114312,0.322343888843363,0.747193066041049
"head_educationSpecial Education learning / learnt",0.564850807797663,0.262635868392613,2.1506994122877,0.0315030473607833
"head_educationStudying/Studied Grade 1",0.182419926078435,0.152668584782203,1.19487533298796,0.232139436253243
"head_occupationCraft and related worker",-0.0640621362805801,0.102256489902942,-0.626484796626458,0.530998870292805
"head_occupationElementary occupation",-0.00502154159049203,0.0847722325588685,-0.0592356888442794,0.952764538266596
"head_occupationLegislator, senior official, and manager",0.110602474912226,0.0896625862883342,1.23354098393452,0.217377775766185
"head_occupationNo occupation",0.0275486653973298,0.134018949968864,0.205557985670908,0.837136744670248
"head_occupationPlant and machine operator and assembler",0.0642141195697172,0.0999087115602032,0.642727931998432,0.520402574489011
"head_occupationProfessional",-8.88410523052516e-05,0.0805183898255722,-0.00110336349867041,0.999119646347449
"head_occupationRelated to forces",-0.0151213625201144,0.154685590729325,-0.0977554693285837,0.922126723706725
"head_occupationService worker and shop and market sales worker",0.050248294696691,0.0751557910396553,0.668588461402501,0.503760047076212
"head_occupationSkilled agricultural and fishery worker",-0.125976606583069,0.0954378265721991,-1.31998612193633,0.186843590784056
"head_occupationTechnician and associate professional",-0.0122058545403572,0.082914325501654,-0.147210442423652,0.882966305445716
"head_employment_statusEmployer",-0.0497513178168904,0.325758712794174,-0.152724442548756,0.878615986239725
"head_employment_statusGovernment employee",-0.138204193531134,0.323706673448772,-0.426942676401157,0.66942227891452
"head_employment_statusOwn account worker",-0.029571746407153,0.321890617990089,-0.0918689292400051,0.926802417824239
"head_employment_statusPrivate sector employee",-0.0897691535453576,0.3217556476076,-0.278997911032276,0.780247180071364
"head_employment_statusSemi government employee",-0.159467876890046,0.334865681643788,-0.476214451439904,0.633922961350339
"head_main_activityHousehold activities",0.0287690410847044,0.0601985566990318,0.47790250567863,0.632720959815261
"head_main_activityOther",-0.246896929664351,0.201163051394003,-1.22734730833234,0.219695848495405
"head_main_activityReceived other pension payments",-0.100204584811362,0.110945963447922,-0.903183691386829,0.366431248260567
"head_main_activityRetired - Obtaining government/semi-government pension payment and currently not engaged in economic activity (not employed elsewhere or not engaged in any own business)",-0.00400131884764669,0.0699847426645811,-0.0571741596139602,0.954406611048356
"head_main_activityRetired and obtaining government/semi-government pension payment and is currently engaged in economic activity (employed elsewhere other than the place where he/she is receiving the pension from / engaged in own business)",0.0232872212587811,0.0603731891455927,0.385721237992297,0.699704201859057
"head_main_activityRetired from the private/semi-government sector and does not obtain any pension payment",-0.0138865703639789,0.0696501737845168,-0.199375961457628,0.84196919146378
"head_main_activitySeeking for and available to work",-0.163436156154033,0.218567926305813,-0.747759101330168,0.454607767790308
"head_main_activityStudent",0.263133822237501,0.255113575914998,1.03143794403625,0.302338747106988
"head_main_activityToo old / Disable/ unable to work",-0.131287196817713,0.0728220949719355,-1.80284839193804,0.0714159512194167
"socio_economic_classSEC B",-0.0289869818728295,0.0485549168794321,-0.596993749259375,0.550513316013507
"socio_economic_classSEC C",-0.0536168669303768,0.0522902197578993,-1.02537084714158,0.305191472019395
"socio_economic_classSEC D",-0.0869734983593057,0.0653516496900274,-1.33085390761876,0.18324104202784
"socio_economic_classSEC E",-0.150293472032107,0.0877109464643643,-1.71350872485648,0.0866230302869758
"type_of_houseCondominium/ Luxury apartments",-1.52652025887203,0.425370304912122,-3.58868553174485,0.000332556389445098
"type_of_houseFlat",-0.130159095948429,0.20261086261328,-0.642409268040388,0.520609403655798
"type_of_houseLine room/row house",-0.0263247797424724,0.309398431430525,-0.0850837530777321,0.932195028693049
"type_of_houseOther",0.242666118419393,0.490427398750675,0.49480538615413,0.620738919248315
"type_of_houseSingle House - Double Floor",0.0600804845530897,0.163237981385367,0.368054566977605,0.712833562543565
"type_of_houseSingle House - More than 2 floors",0.194629798545889,0.185297010028273,1.05036664388806,0.293552884689888
"type_of_houseSingle House - Single Floor",-0.0288999696688083,0.163265785662563,-0.177011794305383,0.859499592729532
"type_of_houseSlum / Shanty",-0.29093892620564,0.194186363797336,-1.49824591447256,0.134073485656863
"type_of_houseTwin houses",0.0523575468412129,0.204828479089071,0.255616538647659,0.798247632004474
"housing_tenureNo, I am living on rent and the rent is paid by the employer.",0.151072329541287,0.431201413950262,0.350352120038996,0.726075416700086
"housing_tenureNo, I or any household member does not own or rent this household. We occupy this household without any payment of rent.",0.336763054932974,0.10627286775417,3.16885261543871,0.00153102034096123
"housing_tenureYes, I or a household member owns it.",0.153561012564175,0.0428623457405856,3.58265535660524,0.000340329678121361
"type_of_electricity_meterSmart meter",0.107177901305667,0.0275355888904971,3.89234098939701,9.93654650893495e-05
"missing_head_recordTRUE",-0.126599515518651,0.128840091541605,-0.982609636518066,0.325802699106938
"missing_appliance_surveyTRUE",-2.14617918342331,0.571857745486146,-3.75299486692936,0.000174863136560241
"missing_any_appliance_hoursTRUE",0.123142729984869,0.170501702674867,0.72223753811827,0.470150649809459
"month_of_yearAug",-0.0177260629762276,0.0102774016360768,-1.72476114137679,0.0845745558170249
"month_of_yearDec",-0.0963792598612306,0.0078953060519467,-12.2071594472854,3.062877750868e-34
"month_of_yearFeb",-0.0830366653660918,0.00644744825841427,-12.8789967810481,6.47044181814915e-38
"month_of_yearJan",-0.0847417100494954,0.00727083577339394,-11.6550163819666,2.29935464532271e-31
"month_of_yearJul",-0.0504052650633589,0.0100771315058804,-5.00194574556713,5.68795854049033e-07
"month_of_yearJun",0.000228917644764355,0.00925229553736841,0.0247417134309855,0.980261047109242
"month_of_yearMar",-0.107379992410168,0.00543964161845429,-19.7402696614931,1.59676412068317e-86
"month_of_yearMay",-0.0297368605396139,0.00826395825254047,-3.59837981157181,0.000320407180491563
"month_of_yearNov",-0.0773426327967356,0.00822462025661899,-9.40379377813729,5.40189843283416e-21
"month_of_yearOct",-0.0823829749627148,0.00862600447185473,-9.55053701067711,1.32647920507224e-21
"month_of_yearSep",-0.0364580131849693,0.0101268477609273,-3.60013441948205,0.000318253142501371
