term,estimate,std.error,statistic,p.value,conf.low,conf.high
(Intercept),3.2352557916622073,0.12333993476132916,26.23039973162495,5.570505824036829e-151,2.993510146956447,3.4770014363679675
household_size,0.07928771658370833,0.0028133343849652253,28.182827113417723,7.355435607088465e-174,0.07377359550052175,0.0848018376668949
average_age,-6.741962781674139e-4,3.23026924216281e-4,-2.0871210033130527,0.03688049066969175,-0.001307327406403322,-4.1065149931505756e-5
employed_members,0.03612304901337689,0.004588830708750198,7.871950678959623,3.53690586229565e-15,0.027128964167466817,0.04511713385928696
average_hours_at_home,0.002399348923192012,1.1658726928992357e-4,20.57985351063869,7.467946367275183e-94,0.0021708384684596053,0.0026278593779244185
total_appliances,0.01897490128246519,7.050588634668148e-4,26.912506551814005,8.615569735624569e-159,0.01759298949668293,0.020356813068247447
total_weekly_appliance_hours,0.0018289176557337169,4.643591390766966e-5,39.385843883039,0,0.0017379035006927464,0.0019199318107746873
floor_area,1.7453756364937456e-5,4.2524467746883496e-6,4.104403250577215,4.057785964251679e-5,9.118982318613907e-6,2.5788530411261006e-5
electricity_meters,-0.2957561521664064,0.011703613773451898,-25.270498317134333,2.5392516836378533e-140,-0.3186951756264497,-0.27281712870636304
total_monthly_expenditure,6.799469848522977e-7,9.861499188565596e-8,6.894965682709744,5.429266060785859e-12,4.866621024078348e-7,8.732318672967606e-7
month_index,0.0014113868689905043,6.795811853515202e-4,2.0768480637974847,0.037818905141848456,7.941120271005896e-5,0.0027433625352709496
head_genderMale,0.06547927917124513,0.010511889397499119,6.229068504737435,4.716419204495097e-10,0.044876029425804084,0.08608252891668618
head_educationPassed Degree / Diploma,0.028325639796251433,0.04794301191928002,0.5908189465430818,0.5546434796356531,-0.06564241968091414,0.12229369927341699
head_educationPassed G.C.E.(A/L) or equivalent,-0.02177052393523397,0.04632897903333592,-0.46991158427145646,0.6384195234825225,-0.11257508716648462,0.06903403929601667
head_educationPassed G.C.E.(O/L),0.03476758386468708,0.045943466253101285,0.7567470785324167,0.4492037282119259,-0.0552813762783953,0.12481654400776945
head_educationPassed GAQ (General Arts Qualifying (External) Examination)/GSQ (General Science Qualifying examination),0.10268980255006951,0.056496749474078026,1.8176231996707333,0.06912564285052133,-0.00804353902190097,0.21342314412204
head_educationPassed Grade 1,0.06130891741455071,0.09037270622672562,0.6784008134130659,0.49751964011891936,-0.11582112706666162,0.23843896189576305
head_educationPassed Grade 10,-0.0503028611899005,0.045532201886167536,-1.1047755018670045,0.2692603437585753,-0.13954574526588187,0.03894002288608088
head_educationPassed Grade 12,-0.013984655278893669,0.04720872820050648,-0.296230290710175,0.7670550197326068,-0.10651352240254174,0.0785442118447544
head_educationPassed Grade 2,0.021879823402590457,0.06222597110686026,0.35161883395947935,0.7251251045256372,-0.10008276342525943,0.14384241023044034
head_educationPassed Grade 3,-0.06574615907809123,0.06677711405184548,-0.984561252932347,0.32484273566534816,-0.19662896292658832,0.06513664477040587
head_educationPassed Grade 4,-0.09098946604090387,0.053707172116665175,-1.694177191888867,0.09023567729238643,-0.19625525018283918,0.01427631810103143
head_educationPassed Grade 5,-0.06994628951013908,0.04855266573125759,-1.440627171683975,0.14969412161248885,-0.16510926735749054,0.025216688337212384
head_educationPassed Grade 6,-0.13081154144241305,0.054356833472826195,-2.4065335135426484,0.016107075092608437,-0.23735065853761667,-0.024272424347209443
head_educationPassed Grade 7,0.06107783547549369,0.048945005584543476,1.247886985526909,0.2120762568096775,-0.034854126488477376,0.15700979743946475
head_educationPassed Grade 8,0.10243493500863114,0.04715400420066139,2.1723485999773136,0.0298324308906508,0.010013326646300155,0.19485654337096214
head_educationPassed Grade 9,-0.06692327981882643,0.04830940431530232,-1.3853054238060236,0.16596312440310532,-0.16160946652836888,0.027762906890716033
head_educationPassed post Graduate Degree / Diploma,0.05724717518352872,0.05189878306906431,1.1030542875609826,0.270007051284346,-0.04447417562432818,0.1589685259913856
head_educationPhD,0.0732185563974425,0.05923125254535262,1.2361473588859189,0.216407579159155,-0.042874397283893376,0.1893115100787784
head_educationSpecial Education learning / learnt,0.5648508077976627,0.10170360619571277,5.553891635963185,2.803018306930979e-8,0.36551225701717427,0.7641893585781512
head_educationStudying/Studied Grade 1,0.1824199260784349,0.1365028485365396,1.3363818267104077,0.18142846747779523,-0.08512496266740135,0.4499648148242712
head_occupationCraft and related worker,-0.06406213628058009,0.026645461726265824,-2.4042419282766905,0.01620839996313321,-0.11628710571941894,-0.011837166841741242
head_occupationElementary occupation,-0.005021541590492025,0.02242174392205071,-0.22395856486227994,0.8227901412195068,-0.04896804561899148,0.03892496243800742
"head_occupationLegislator, senior official, and manager",0.11060247491222558,0.02383434177775336,4.640466933954114,3.48196533223308e-6,0.06388728627239068,0.15731766355206048
head_occupationNo occupation,0.027548665397329815,0.0335038955368745,0.822252605432394,0.41093570061187246,-0.03811879942166072,0.09321613021632036
head_occupationPlant and machine operator and assembler,0.06421411956971725,0.02826958457246788,2.271491447110129,0.023120001773293385,0.008805877614185206,0.11962236152524929
head_occupationProfessional,-8.88410523052516e-5,0.020333409183749502,-0.004369215781889322,0.9965138926390323,-0.039942219617028756,0.039764537512418256
head_occupationRelated to forces,-0.015121362520114364,0.03936640318140684,-0.3841184690009053,0.7008917080957193,-0.09227931249999269,0.06203658745976395
head_occupationService worker and shop and market sales worker,0.05024829469669101,0.0196718768827377,2.554321328677309,0.010641416362337194,0.011691516076756218,0.0888050733166258
head_occupationSkilled agricultural and fishery worker,-0.1259766065830693,0.025733500868586504,-4.895432114984866,9.828881346938738e-7,-0.17641413737997344,-0.07553907578616517
head_occupationTechnician and associate professional,-0.012205854540357153,0.022167607679122164,-0.5506166798437541,0.5818980757621267,-0.05565425282549989,0.03124254374478558
head_employment_statusEmployer,-0.049751317816890364,0.07360342805572669,-0.6759375090413263,0.49908235966150716,-0.19401366238774576,0.09451102675396504
head_employment_statusGovernment employee,-0.1382041935311342,0.07334612087476158,-1.8842740677058805,0.05953169153069398,-0.2819622173362117,0.005553830273943294
head_employment_statusOwn account worker,-0.02957174640715297,0.07267302387521855,-0.4069150398630504,0.6840715247608237,-0.1720105035171498,0.11286701070284387
head_employment_statusPrivate sector employee,-0.08976915354535761,0.07242153535290038,-1.2395367359712084,0.21515058536383538,-0.2317149944309252,0.05217668734020997
head_employment_statusSemi government employee,-0.15946787689004602,0.0762338275529032,-2.0918256633432417,0.03645739363725703,-0.30888579109460623,-0.010049962685485775
head_main_activityHousehold activities,0.0287690410847044,0.01697465576360802,1.694823240326462,0.09011301652391072,-0.004501197862416879,0.062039280031825676
head_main_activityOther,-0.2468969296643505,0.03895717926794621,-6.337649036810429,2.3458779747725907e-10,-0.3232528028555554,-0.1705410564731456
head_main_activityReceived other pension payments,-0.10020458481136237,0.025738810186305618,-3.8931319702056935,9.904196944616629e-5,-0.15065252184398764,-0.049756647778737104
head_main_activityRetired - Obtaining government/semi-government pension payment and currently not engaged in economic activity (not employed elsewhere or not engaged in any own business),-0.0040013188476466875,0.019719547318910253,-0.20291129319229267,0.8392049054234686,-0.04265153127998164,0.03464889358468827
head_main_activityRetired and obtaining government/semi-government pension payment and is currently engaged in economic activity (employed elsewhere other than the place where he/she is receiving the pension from / engaged in own business),0.023287221258781084,0.015252012383847342,1.5268294224205743,0.12680755655189987,-0.006606645427043013,0.05318108794460518
head_main_activityRetired from the private/semi-government sector and does not obtain any pension payment,-0.013886570363978909,0.021802195098473,-0.636934505964104,0.5241694062922835,-0.056618761849891806,0.028845621121933986
head_main_activitySeeking for and available to work,-0.16343615615403276,0.06156902066128793,-2.6545193410359813,0.0079437875625023,-0.28411112345044753,-0.042761188857617996
head_main_activityStudent,0.26313382223750076,0.12998082004837883,2.0244050017499693,0.04293195590754288,0.008372076151101804,0.5178955683238997
head_main_activityToo old / Disable/ unable to work,-0.13128719681771284,0.0200872958733888,-6.535832281518747,6.365151176698909e-11,-0.17065819454610018,-0.0919161990893255
socio_economic_classSEC B,-0.02898698187282947,0.013781499218321518,-2.103325727747628,0.035440554154403565,-0.05599865023467808,-0.0019753135109808577
socio_economic_classSEC C,-0.053616866930376816,0.014644285353142713,-3.6612825848050314,0.00025112421677415627,-0.08231959172750851,-0.02491414213324512
socio_economic_classSEC D,-0.08697349835930568,0.018000179461288113,-4.831812846441574,1.355562261693995e-6,-0.12225375853707252,-0.05169323818153885
socio_economic_classSEC E,-0.15029347203210744,0.02323429200412583,-6.468605628500282,9.950406836619297e-11,-0.1958325661680671,-0.10475437789614779
type_of_houseCondominium/ Luxury apartments,-1.5265202588720286,0.09524332979036812,-16.027581797401673,1.0181349350212553e-57,-1.7131967007612683,-1.3398438169827889
type_of_houseFlat,-0.13015909594842856,0.07562749304569596,-1.7210552764162534,0.0852448264116349,-0.27838859760326756,0.018070405706410442
type_of_houseLine room/row house,-0.026324779742472368,0.0986625650758836,-0.2668162916930589,0.7896113271770471,-0.21970290539777804,0.16705334591283327
type_of_houseOther,0.24266611841939337,0.17424195205843213,1.3926962798144913,0.16371569081615403,-0.09884722125169634,0.5841794580904831
type_of_houseSingle House - Double Floor,0.06008048455308972,0.07163717531156799,0.8386774644838336,0.40165294122480244,-0.0803280146414817,0.20048898374766116
type_of_houseSingle House - More than 2 floors,0.1946297985458891,0.07447716789794212,2.613281412802848,0.008969492809825242,0.04865492832897908,0.34060466876279916
type_of_houseSingle House - Single Floor,-0.028899969668808312,0.0716395965310642,-0.40340776704788905,0.6866493983160611,-0.16931321444127567,0.11151327510365905
type_of_houseSlum / Shanty,-0.29093892620564016,0.10000200458562965,-2.909330942026419,0.003623072131177022,-0.4869423464863606,-0.09493550592491976
type_of_houseTwin houses,0.052357546841212896,0.1042861880416335,0.5020563875660172,0.6156292982445566,-0.15204285121976596,0.2567579449021917
"housing_tenureNo, I am living on rent and the rent is paid by the employer.",0.15107232954128702,0.11824050103015123,1.2776699035025545,0.20136970831296686,-0.08067845099202667,0.3828231100746007
"housing_tenureNo, I or any household member does not own or rent this household. We occupy this household without any payment of rent.",0.33676305493297365,0.033727328422450235,9.984871932779916,1.8348914643841796e-23,0.2706576627948509,0.4028684470710964
"housing_tenureYes, I or a household member owns it.",0.15356101256417462,0.011365621569524854,13.511008757842562,1.5026564379985547e-41,0.13128445210447237,0.17583757302387687
type_of_electricity_meterSmart meter,0.10717790130566664,0.007466167332699995,14.35514321200029,1.1372908462634101e-46,0.09254425131373764,0.12181155129759563
missing_head_recordTRUE,-0.12659951551865067,0.03401058658556018,-3.722356131675801,1.975133373345313e-4,-0.1932600922155434,-0.05993893882175794
missing_appliance_surveyTRUE,-2.146179183423305,0.0802690995273154,-26.737302349990422,9.124910913500552e-157,-2.303506210170409,-1.988852156676201
missing_any_appliance_hoursTRUE,0.12314272998486943,0.029887645752749836,4.12018835486698,3.789595864545188e-5,0.0645630963470121,0.18172236362272676
month_of_yearAug,-0.01772606297622755,0.018731162918464706,-0.9463407612964407,0.343977790579409,-0.0544390470115702,0.0189869210591151
month_of_yearDec,-0.09637925986123061,0.015495938900096352,-6.2196463526731725,5.008369828964873e-10,-0.1267512212780561,-0.06600729844440512
month_of_yearFeb,-0.0830366653660918,0.015304725417808624,-5.425557342536187,5.794830378391496e-8,-0.11303384933033044,-0.053039481401853175
month_of_yearJan,-0.08474171004949543,0.0153846134404764,-5.5082118492846135,3.636569310952856e-8,-0.114895474131775,-0.05458794596721586
month_of_yearJul,-0.05040526506335887,0.0187755277578687,-2.6846257380027234,0.007262666564994539,-0.08720520395825077,-0.01360532616846697
month_of_yearJun,2.2891764476435468e-4,0.018859573323696217,0.012138007622724413,0.9903155404921187,-0.03673575013161228,0.03719358542114099
month_of_yearMar,-0.10737999241016848,0.015263739993513655,-7.034972585735851,2.0096115486218755e-12,-0.13729684515128057,-0.0774631396690564
month_of_yearMay,-0.02973686053961393,0.018964585875205327,-1.568020558703182,0.11688045959510618,-0.0669073523827528,0.007433631303524948
month_of_yearNov,-0.07734263279673563,0.015626845371936822,-4.949343962642002,7.462152487632212e-7,-0.10797117023245126,-0.04671409536102
month_of_yearOct,-0.08238297496271482,0.015793514207676388,-5.216253575956695,1.8305118485946275e-7,-0.11333818246864077,-0.05142776745678888
month_of_yearSep,-0.036458013184969267,0.01869139076968972,-1.9505243689030463,0.05111728863020237,-0.07309304401103264,1.7701764109410295e-4
