term,estimate,naive_std_error,naive_p_value,robust_estimate,robust_std_error,robust_t_value,robust_p_value,significant_naive,significant_robust,conclusion_disagrees
month_of_yearSep,-0.036458013184969267,0.01869139076968972,0.05111728863020237,-0.036458013184969267,0.010126847760927347,-3.6001344194820497,3.1825314250137057e-4,FALSE,TRUE,TRUE
month_of_yearMay,-0.02973686053961393,0.018964585875205327,0.11688045959510618,-0.02973686053961393,0.008263958252540475,-3.5983798115718137,3.2040718049156303e-4,FALSE,TRUE,TRUE
head_main_activityToo old / Disable/ unable to work,-0.13128719681771284,0.0200872958733888,6.365151176698909e-11,-0.13128719681771284,0.07282209497193545,-1.802848391938037,0.07141595121941666,TRUE,FALSE,TRUE
socio_economic_classSEC E,-0.15029347203210744,0.02323429200412583,9.950406836619297e-11,-0.15029347203210744,0.08771094646436431,-1.713508724856475,0.08662303028697577,TRUE,FALSE,TRUE
head_genderMale,0.06547927917124513,0.010511889397499119,4.716419204495097e-10,0.06547927917124513,0.03873249666946413,1.6905514697395583,0.09092656321651603,TRUE,FALSE,TRUE
total_monthly_expenditure,6.799469848522977e-7,9.861499188565596e-8,5.429266060785859e-12,6.799469848522977e-7,4.022414586007994e-7,1.690395085622202,0.09095645784152415,TRUE,FALSE,TRUE
month_index,0.0014113868689905043,6.795811853515202e-4,0.037818905141848456,0.0014113868689905043,8.765977518603015e-4,1.6100735668044803,0.10738591192358249,TRUE,FALSE,TRUE
type_of_houseSlum / Shanty,-0.29093892620564016,0.10000200458562965,0.003623072131177022,-0.29093892620564016,0.19418636379733556,-1.4982459144725595,0.1340734856568634,TRUE,FALSE,TRUE
socio_economic_classSEC D,-0.08697349835930568,0.018000179461288113,1.355562261693995e-6,-0.08697349835930568,0.06535164969002745,-1.3308539076187649,0.18324104202784017,TRUE,FALSE,TRUE
head_occupationSkilled agricultural and fishery worker,-0.1259766065830693,0.025733500868586504,9.828881346938738e-7,-0.1259766065830693,0.09543782657219912,-1.3199861219363316,0.1868435907840565,TRUE,FALSE,TRUE
"head_occupationLegislator, senior official, and manager",0.11060247491222558,0.02383434177775336,3.48196533223308e-6,0.11060247491222558,0.08966258628833425,1.2335409839345195,0.21737777576618525,TRUE,FALSE,TRUE
head_main_activityOther,-0.2468969296643505,0.03895717926794621,2.3458779747725907e-10,-0.2468969296643505,0.20116305139400326,-1.227347308332342,0.21969584849540505,TRUE,FALSE,TRUE
type_of_houseSingle House - More than 2 floors,0.1946297985458891,0.07447716789794212,0.008969492809825242,0.1946297985458891,0.18529701002827315,1.0503666438880581,0.29355288468988766,TRUE,FALSE,TRUE
head_main_activityStudent,0.26313382223750076,0.12998082004837883,0.04293195590754288,0.26313382223750076,0.25511357591499756,1.0314379440362496,0.3023387471069885,TRUE,FALSE,TRUE
socio_economic_classSEC C,-0.053616866930376816,0.014644285353142713,0.00025112421677415627,-0.053616866930376816,0.05229021975789926,-1.025370847141585,0.3051914720193952,TRUE,FALSE,TRUE
floor_area,1.7453756364937456e-5,4.2524467746883496e-6,4.057785964251679e-5,1.7453756364937456e-5,1.7226094705055512e-5,1.0132160924330185,0.310960151599873,TRUE,FALSE,TRUE
missing_head_recordTRUE,-0.12659951551865067,0.03401058658556018,1.975133373345313e-4,-0.12659951551865067,0.12884009154160478,-0.9826096365180664,0.3258026991069376,TRUE,FALSE,TRUE
head_main_activityReceived other pension payments,-0.10020458481136237,0.025738810186305618,9.904196944616629e-5,-0.10020458481136237,0.11094596344792197,-0.903183691386829,0.3664312482605665,TRUE,FALSE,TRUE
head_main_activitySeeking for and available to work,-0.16343615615403276,0.06156902066128793,0.0079437875625023,-0.16343615615403276,0.21856792630581254,-0.747759101330168,0.45460776779030754,TRUE,FALSE,TRUE
missing_any_appliance_hoursTRUE,0.12314272998486943,0.029887645752749836,3.789595864545188e-5,0.12314272998486943,0.17050170267486728,0.7222375381182702,0.47015064980945886,TRUE,FALSE,TRUE
head_educationPassed Grade 8,0.10243493500863114,0.04715400420066139,0.0298324308906508,0.10243493500863114,0.14265269614572879,0.7180721975558552,0.47271495884151127,TRUE,FALSE,TRUE
head_educationPassed Grade 6,-0.13081154144241305,0.054356833472826195,0.016107075092608437,-0.13081154144241305,0.19178884346862654,-0.6820602235072742,0.4952029304133623,TRUE,FALSE,TRUE
head_occupationService worker and shop and market sales worker,0.05024829469669101,0.0196718768827377,0.010641416362337194,0.05024829469669101,0.07515579103965526,0.6685884614025013,0.5037600470762119,TRUE,FALSE,TRUE
head_occupationPlant and machine operator and assembler,0.06421411956971725,0.02826958457246788,0.023120001773293385,0.06421411956971725,0.09990871156020324,0.6427279319984318,0.5204025744890113,TRUE,FALSE,TRUE
head_occupationCraft and related worker,-0.06406213628058009,0.026645461726265824,0.01620839996313321,-0.06406213628058009,0.1022564899029421,-0.6264847966264575,0.5309988702928046,TRUE,FALSE,TRUE
socio_economic_classSEC B,-0.02898698187282947,0.013781499218321518,0.035440554154403565,-0.02898698187282947,0.048554916879432086,-0.596993749259375,0.5505133160135074,TRUE,FALSE,TRUE
average_age,-6.741962781674139e-4,3.23026924216281e-4,0.03688049066969175,-6.741962781674139e-4,0.0011711245199895984,-0.5756828301856424,0.5648312717253777,TRUE,FALSE,TRUE
head_employment_statusSemi government employee,-0.15946787689004602,0.0762338275529032,0.03645739363725703,-0.15946787689004602,0.33486568164378816,-0.4762144514399037,0.6339229613503392,TRUE,FALSE,TRUE
month_of_yearMar,-0.10737999241016848,0.015263739993513655,2.0096115486218755e-12,-0.10737999241016848,0.005439641618454288,-19.740269661493112,1.5967641206831748e-86,TRUE,TRUE,FALSE
month_of_yearFeb,-0.0830366653660918,0.015304725417808624,5.794830378391496e-8,-0.0830366653660918,0.006447448258414271,-12.878996781048137,6.47044181814915e-38,TRUE,TRUE,FALSE
month_of_yearDec,-0.09637925986123061,0.015495938900096352,5.008369828964873e-10,-0.09637925986123061,0.007895306051946703,-12.207159447285377,3.0628777508680023e-34,TRUE,TRUE,FALSE
month_of_yearJan,-0.08474171004949543,0.0153846134404764,3.636569310952856e-8,-0.08474171004949543,0.007270835773393941,-11.655016381966636,2.2993546453227145e-31,TRUE,TRUE,FALSE
total_weekly_appliance_hours,0.0018289176557337169,4.643591390766966e-5,0,0.0018289176557337169,1.8539037359031188e-4,9.865224500681908,6.078605339690797e-23,TRUE,TRUE,FALSE
month_of_yearOct,-0.08238297496271482,0.015793514207676388,1.8305118485946275e-7,-0.08238297496271482,0.008626004471854725,-9.550537010677111,1.3264792050722406e-21,TRUE,TRUE,FALSE
month_of_yearNov,-0.07734263279673563,0.015626845371936822,7.462152487632212e-7,-0.07734263279673563,0.008224620256618992,-9.403793778137294,5.401898432834158e-21,TRUE,TRUE,FALSE
household_size,0.07928771658370833,0.0028133343849652253,7.355435607088465e-174,0.07928771658370833,0.0101813038531716,7.787579835269256,6.91553187757853e-15,TRUE,TRUE,FALSE
(Intercept),3.2352557916622073,0.12333993476132916,5.570505824036829e-151,3.2352557916622073,0.4777936340326368,6.771240889829888,1.2859803362467046e-11,TRUE,TRUE,FALSE
total_appliances,0.01897490128246519,7.050588634668148e-4,8.615569735624569e-159,0.01897490128246519,0.00281990872192728,6.7289062000193764,1.721391235651855e-11,TRUE,TRUE,FALSE
electricity_meters,-0.2957561521664064,0.011703613773451898,2.5392516836378533e-140,-0.2957561521664064,0.05696898322719873,-5.1915294149958315,2.091041200917674e-7,TRUE,TRUE,FALSE
month_of_yearJul,-0.05040526506335887,0.0187755277578687,0.007262666564994539,-0.05040526506335887,0.010077131505880379,-5.001945745567133,5.68795854049033e-7,TRUE,TRUE,FALSE
average_hours_at_home,0.002399348923192012,1.1658726928992357e-4,7.467946367275183e-94,0.002399348923192012,5.165740930328158e-4,4.644733360717707,3.410799450514529e-6,TRUE,TRUE,FALSE
type_of_electricity_meterSmart meter,0.10717790130566664,0.007466167332699995,1.1372908462634101e-46,0.10717790130566664,0.027535588890497092,3.892340989397005,9.936546508934949e-5,TRUE,TRUE,FALSE
missing_appliance_surveyTRUE,-2.146179183423305,0.0802690995273154,9.124910913500552e-157,-2.146179183423305,0.571857745486146,-3.752994866929365,1.74863136560241e-4,TRUE,TRUE,FALSE
type_of_houseCondominium/ Luxury apartments,-1.5265202588720286,0.09524332979036812,1.0181349350212553e-57,-1.5265202588720286,0.4253703049121223,-3.58868553174485,3.3255638944509826e-4,TRUE,TRUE,FALSE
"housing_tenureYes, I or a household member owns it.",0.15356101256417462,0.011365621569524854,1.5026564379985547e-41,0.15356101256417462,0.04286234574058559,3.582655356605237,3.4032967812136115e-4,TRUE,TRUE,FALSE
"housing_tenureNo, I or any household member does not own or rent this household. We occupy this household without any payment of rent.",0.33676305493297365,0.033727328422450235,1.8348914643841796e-23,0.33676305493297365,0.10627286775417007,3.168852615438707,0.0015310203409612283,TRUE,TRUE,FALSE
employed_members,0.03612304901337689,0.004588830708750198,3.53690586229565e-15,0.03612304901337689,0.0165224707087656,2.186298263141279,0.028796802485050232,TRUE,TRUE,FALSE
head_educationSpecial Education learning / learnt,0.5648508077976627,0.10170360619571277,2.803018306930979e-8,0.5648508077976627,0.2626358683926128,2.150699412287702,0.0315030473607833,TRUE,TRUE,FALSE
month_of_yearAug,-0.01772606297622755,0.018731162918464706,0.343977790579409,-0.01772606297622755,0.010277401636076813,-1.7247611413767918,0.08457455581702487,FALSE,FALSE,FALSE
head_educationStudying/Studied Grade 1,0.1824199260784349,0.1365028485365396,0.18142846747779523,0.1824199260784349,0.152668584782203,1.1948753329879567,0.23213943625324274,FALSE,FALSE,FALSE
type_of_houseFlat,-0.13015909594842856,0.07562749304569596,0.0852448264116349,-0.13015909594842856,0.20261086261327962,-0.6424092680403879,0.5206094036557984,FALSE,FALSE,FALSE
head_educationPassed GAQ (General Arts Qualifying (External) Examination)/GSQ (General Science Qualifying examination),0.10268980255006951,0.056496749474078026,0.06912564285052133,0.10268980255006951,0.1644607988047073,0.6244029172691229,0.5323648668499072,FALSE,FALSE,FALSE
head_educationPassed Grade 4,-0.09098946604090387,0.053707172116665175,0.09023567729238643,-0.09098946604090387,0.15911399176558683,-0.5718508160800417,0.5674247230393343,FALSE,FALSE,FALSE
type_of_houseOther,0.24266611841939337,0.17424195205843213,0.16371569081615403,0.24266611841939337,0.4904273987506755,0.4948053861541298,0.6207389192483151,FALSE,FALSE,FALSE
head_main_activityHousehold activities,0.0287690410847044,0.01697465576360802,0.09011301652391072,0.0287690410847044,0.06019855669903185,0.47790250567863,0.632720959815261,FALSE,FALSE,FALSE
head_educationPassed Grade 9,-0.06692327981882643,0.04830940431530232,0.16596312440310532,-0.06692327981882643,0.14870703301406737,-0.450034396237975,0.652686911057593,FALSE,FALSE,FALSE
head_educationPassed Grade 5,-0.06994628951013908,0.04855266573125759,0.14969412161248885,-0.06994628951013908,0.1619097707608117,-0.432007834866682,0.665736933152839,FALSE,FALSE,FALSE
head_employment_statusGovernment employee,-0.1382041935311342,0.07334612087476158,0.05953169153069398,-0.1382041935311342,0.3237066734487723,-0.426942676401157,0.6694222789145203,FALSE,FALSE,FALSE
head_educationPassed Grade 7,0.06107783547549369,0.048945005584543476,0.2120762568096775,0.06107783547549369,0.14404826956713349,0.42400950500157486,0.6715600704340088,FALSE,FALSE,FALSE
head_main_activityRetired and obtaining government/semi-government pension payment and is currently engaged in economic activity (employed elsewhere other than the place where he/she is receiving the pension from / engaged in own business),0.023287221258781084,0.015252012383847342,0.12680755655189987,0.023287221258781084,0.06037318914559266,0.38572123799229663,0.6997042018590567,FALSE,FALSE,FALSE
head_educationPassed Grade 3,-0.06574615907809123,0.06677711405184548,0.32484273566534816,-0.06574615907809123,0.17756243285422246,-0.3702706592901234,0.7111818555556484,FALSE,FALSE,FALSE
type_of_houseSingle House - Double Floor,0.06008048455308972,0.07163717531156799,0.40165294122480244,0.06008048455308972,0.1632379813853673,0.3680545669776051,0.7128335625435651,FALSE,FALSE,FALSE
head_educationPassed Grade 10,-0.0503028611899005,0.045532201886167536,0.2692603437585753,-0.0503028611899005,0.1414073887306826,-0.3557300763519847,0.7220436970492434,FALSE,FALSE,FALSE
"housing_tenureNo, I am living on rent and the rent is paid by the employer.",0.15107232954128702,0.11824050103015123,0.20136970831296686,0.15107232954128702,0.43120141395026235,0.3503521200389958,0.7260754167000858,FALSE,FALSE,FALSE
head_educationPassed post Graduate Degree / Diploma,0.05724717518352872,0.05189878306906431,0.270007051284346,0.05724717518352872,0.1697535635386173,0.3372369568577895,0.7359392025605697,FALSE,FALSE,FALSE
head_educationPhD,0.0732185563974425,0.05923125254535262,0.216407579159155,0.0732185563974425,0.2271442361143123,0.32234388884336307,0.7471930660410491,FALSE,FALSE,FALSE
head_employment_statusPrivate sector employee,-0.08976915354535761,0.07242153535290038,0.21515058536383538,-0.08976915354535761,0.3217556476076004,-0.2789979110322759,0.7802471800713635,FALSE,FALSE,FALSE
head_educationPassed Grade 1,0.06130891741455071,0.09037270622672562,0.49751964011891936,0.06130891741455071,0.2361093476111791,0.25966323669452174,0.7951242498820232,FALSE,FALSE,FALSE
type_of_houseTwin houses,0.052357546841212896,0.1042861880416335,0.6156292982445566,0.052357546841212896,0.20482847908907142,0.25561653864765926,0.798247632004474,FALSE,FALSE,FALSE
head_educationPassed G.C.E.(O/L),0.03476758386468708,0.045943466253101285,0.4492037282119259,0.03476758386468708,0.14163886999693676,0.2454664024461576,0.8060959761952212,FALSE,FALSE,FALSE
head_occupationNo occupation,0.027548665397329815,0.0335038955368745,0.41093570061187246,0.027548665397329815,0.13401894996886388,0.2055579856709077,0.8371367446702476,FALSE,FALSE,FALSE
head_main_activityRetired from the private/semi-government sector and does not obtain any pension payment,-0.013886570363978909,0.021802195098473,0.5241694062922835,-0.013886570363978909,0.0696501737845168,-0.19937596145762795,0.8419691914637797,FALSE,FALSE,FALSE
head_educationPassed Degree / Diploma,0.028325639796251433,0.04794301191928002,0.5546434796356531,0.028325639796251433,0.14997760897352563,0.1888657913012304,0.8501985052787887,FALSE,FALSE,FALSE
type_of_houseSingle House - Single Floor,-0.028899969668808312,0.0716395965310642,0.6866493983160611,-0.028899969668808312,0.16326578566256322,-0.17701179430538252,0.8594995927295317,FALSE,FALSE,FALSE
head_employment_statusEmployer,-0.049751317816890364,0.07360342805572669,0.49908235966150716,-0.049751317816890364,0.3257587127941737,-0.15272444254875564,0.8786159862397249,FALSE,FALSE,FALSE
head_educationPassed G.C.E.(A/L) or equivalent,-0.02177052393523397,0.04632897903333592,0.6384195234825225,-0.02177052393523397,0.14521496467646763,-0.14991928678795408,0.8808286892148763,FALSE,FALSE,FALSE
head_occupationTechnician and associate professional,-0.012205854540357153,0.022167607679122164,0.5818980757621267,-0.012205854540357153,0.08291432550165397,-0.14721044242365178,0.8829663054457162,FALSE,FALSE,FALSE
head_educationPassed Grade 2,0.021879823402590457,0.06222597110686026,0.7251251045256372,0.021879823402590457,0.20468808506969444,0.10689348818296178,0.9148737588271613,FALSE,FALSE,FALSE
head_occupationRelated to forces,-0.015121362520114364,0.03936640318140684,0.7008917080957193,-0.015121362520114364,0.15468559072932478,-0.09775546932858373,0.9221267237067248,FALSE,FALSE,FALSE
head_educationPassed Grade 12,-0.013984655278893669,0.04720872820050648,0.7670550197326068,-0.013984655278893669,0.14805345874350376,-0.09445679552222742,0.9247465478519781,FALSE,FALSE,FALSE
head_employment_statusOwn account worker,-0.02957174640715297,0.07267302387521855,0.6840715247608237,-0.02957174640715297,0.32189061799008883,-0.09186892924000506,0.9268024178242393,FALSE,FALSE,FALSE
type_of_houseLine room/row house,-0.026324779742472368,0.0986625650758836,0.7896113271770471,-0.026324779742472368,0.3093984314305246,-0.08508375307773205,0.9321950286930492,FALSE,FALSE,FALSE
head_occupationElementary occupation,-0.005021541590492025,0.02242174392205071,0.8227901412195068,-0.005021541590492025,0.0847722325588685,-0.0592356888442794,0.9527645382665965,FALSE,FALSE,FALSE
head_main_activityRetired - Obtaining government/semi-government pension payment and currently not engaged in economic activity (not employed elsewhere or not engaged in any own business),-0.0040013188476466875,0.019719547318910253,0.8392049054234686,-0.0040013188476466875,0.06998474266458109,-0.05717415961396017,0.9544066110483564,FALSE,FALSE,FALSE
month_of_yearJun,2.2891764476435468e-4,0.018859573323696217,0.9903155404921187,2.2891764476435468e-4,0.009252295537368407,0.02474171343098545,0.9802610471092424,FALSE,FALSE,FALSE
head_occupationProfessional,-8.88410523052516e-5,0.020333409183749502,0.9965138926390323,-8.88410523052516e-5,0.08051838982557218,-0.0011033634986704142,0.999119646347449,FALSE,FALSE,FALSE
